execucao,tempo
1,4.254740073985886
2,4.163110174005851
3,4.160014841007069
4,4.169348353985697
5,4.24182552396087
6,4.682704669015948
7,4.2019859430147335
8,4.194336569053121
9,4.1720694020041265
10,4.157638857024722
