execucao,tempo
1,1.5118131909985095
2,1.381718593009282
3,1.3822150679770857
4,1.3978853860171512
5,1.404305167030543
6,1.3794099749648012
7,1.3788371360278688
8,1.413481583003886
9,1.4378405280294828
10,1.4010032740188763
